id	series	domain_x	coupling	question	status
BL-1.1.1	BL-1	Boolean	SYNTHESIZE	Can bounded learned Boolean circuits match fixed Boolean task baselines under equal gate budget?	PROPOSED
BL-1.2.1	BL-1	Boolean	SYNTHESIZE	How does circuit depth affect accuracy versus gate count under a fixed truth-table task family?	PROPOSED
BL-2.1.1	BL-2	Finite-state	TRANSITION	Can a learned Boolean recurrent state retain delayed information under a fixed bit budget?	PROPOSED
BL-2.2.1	BL-2	Finite-state	MEMORY	Do Boolean associative states improve bounded recall over recurrent-state-only controls?	PROPOSED
BL-3.1.1	BL-3	Boolean	SYNTHESIZE	Can SAT or MaxSAT recover minimal circuits for bounded supervised truth-table tasks?	PROPOSED
BL-3.2.1	BL-3	Boolean	SYNTHESIZE	Can CEGIS reduce evaluated candidates versus exhaustive bounded circuit enumeration?	PROPOSED
BL-4.1.1	BL-4	Attention	MASK	Can binary visibility masks preserve task quality under matched attention-compute budgets?	PROPOSED
BL-4.2.1	BL-4	KV-cache	MEMORY	Can Boolean KEEP EVICT decisions reduce cache storage under a frozen quality threshold?	PROPOSED
BL-4.2.2	BL-4	KV-cache	ROUTE	Can Boolean policies route KV entries across memory tiers without violating declared latency and quality constraints?	PROPOSED
BL-4.3.1	BL-4	Associative-memory	PREDICATE	Can XNOR plus Hamming retrieval match continuous similarity on controlled binary-compatible workloads?	PROPOSED
BL-4.4.1	BL-4	Attention	MASK	Under matched retained density can Boolean block admission preserve dense-attention target recall and downstream quality better than random and structural mask baselines?	PROPOSED
BL-4.4.2	BL-4	Attention	PREDICATE	Which preregistered bitpacked Q K signature families and XOR XNOR popcount rules produce the best recall false-negative sparsity frontier before exact Q K evaluation?	PROPOSED
BL-4.5.1	BL-4	KV-cache	ROUTE	Can Boolean query-aware page admission select useful resident KV pages from the first decode token while preserving declared quality thresholds?	PROPOSED
BL-4.6.1	BL-4	Attention-system	ROUTE	Does an early Boolean control plane eliminate enough exact attention work and KV traffic to offset its measured overhead under the same FLAT workload?	PROPOSED
BL-4.7.1	BL-4	Attention	ENCODE	After Boolean routing is qualified can one-bit QK similarity yield a non-dominated quality latency memory trade-off against exact FLAT QK low-precision QK and Boolean-prefilter-plus-exact-QK?	PROPOSED
BL-5.1.1	BL-5	Real	MASK	Does learned Boolean feature masking improve efficiency relative to matched sparse real baselines?	PROPOSED
BL-5.2.1	BL-5	Complex	ROUTE	Can Boolean routing select complex-valued operations more efficiently than an always-complex matched baseline?	PROPOSED
BL-5.3.1	BL-5	Quaternion	MASK	Can Boolean component selection improve quaternion compute allocation under equal task-quality constraints?	PROPOSED
BL-6.1.1	BL-6	Octonion	MASK	Does adaptive Boolean component masking change accuracy-cost tradeoffs relative to full octonion and matched real-vector controls?	PROPOSED
BL-6.2.1	BL-6	Sedenion	MASK	Does adaptive activation of 16 sedenion components yield a measurable benefit over full-sedenion and matched real-vector controls?	PROPOSED
BL-6.3.1	BL-6	Cayley-Dickson	SELECT	Can a Boolean controller select R C H O S representations per state more efficiently than any fixed representation under matched budgets?	PROPOSED
BL-7.1.1	BL-7	GF(2^k)	ENCODE	Can Boolean-controlled finite-field encoding improve exact associative-memory robustness under controlled bit errors?	PROPOSED
BL-7.2.1	BL-7	Error-correcting-code	VERIFY	Can learned Boolean verification gates reduce unnecessary correction operations while preserving exact recovery criteria?	PROPOSED
BL-8.1.1	BL-8	Tropical-semiring	ROUTE	Can Boolean regime selection improve tropical routing objectives relative to fixed routing policies?	PROPOSED
BL-8.2.1	BL-8	Graph	MASK	Can Boolean edge activation discover sparse task-preserving graph substructures under matched edge budgets?	PROPOSED
BL-9.1.1	BL-9	Dynamical-system	TRANSITION	Can Boolean regime switches improve prediction or control of piecewise dynamical systems over fixed-regime baselines?	PROPOSED
BL-9.2.1	BL-9	Field-system	PREDICATE	Can Boolean predicates over field observables identify useful discrete operating regimes without post-hoc thresholds?	PROPOSED
BL-10.1.1	BL-10	Stochastic-process	TRANSITION	When do stochastic Boolean transitions retain useful signal that deterministic denoising removes?	PROPOSED
BL-10.2.1	BL-10	Noise	PREDICATE	Can Boolean event structure extracted from noise predict downstream system behaviour beyond scalar noise summaries?	PROPOSED
BL-11.1.1	BL-11	Circuit-search	SYNTHESIZE	Can Forge-style search discover smaller Boolean controllers than seeded hand-designed circuits under identical verification gates?	PROPOSED
BL-11.2.1	BL-11	Hybrid-search	SYNTHESIZE	Can joint search over Boolean topology and X-domain operator choice outperform topology-only or operator-only search under equal evaluation budget?	PROPOSED
BL-12.1.1	BL-12	CPU-SIMD	ENCODE	What are measured throughput and energy proxies for packed Boolean kernels versus scalar Boolean execution on declared hardware?	PROPOSED
BL-12.2.1	BL-12	GPU	ENCODE	When do bitpacked Boolean kernels outperform conventional low-precision kernels under matched workload semantics?	PROPOSED
BL-12.3.1	BL-12	FPGA	ENCODE	Which Boolean circuit families map efficiently to FPGA resources under exact functional equivalence constraints?	PROPOSED
BL-13.0.1	BL-13	Boolean-function-space	VERIFY	Does the exact BL-13 screening layer reproduce frozen AND-2 and parity-3 reference properties using SciRust metrics?	VALIDATED
BL-13.1.1	BL-13	Boolean-function-space	VERIFY	Does exhaustive four-input enumeration recover reference bent balanced resilient and explicitly defined three-valued plateaued classes before larger searches?	VALIDATED
BL-13.1.2	BL-13	Boolean-function-space	SYNTHESIZE	What Pareto frontier of nonlinearity balance correlation immunity gate count and depth is reached by 4096 deterministic eight-input circuits with 4 to 24 gates?	VALIDATED
BL-13.2.0	BL-13	Sedenion	PREDICATE	Can the pinned SciRust sedenion implementation deterministically induce bounded integer-lattice Boolean predicate functions without contaminating the stable toolchain?	VALIDATED
BL-13.2.1	BL-13	Sedenion	PREDICATE	Do exact predicates induced by Boolean×sedenion dynamics generate scalar Boolean functions outside the matched Boolean-only canonical set?	EQUIVALENCE_SCREENED
BL-13.2.2	BL-13	Cayley-Dickson	SELECT	Does dynamic algebra selection induce recurring Boolean construction motifs not present in the seed grammar?	PROPOSED
BL-13.3.1	BL-13	GF(2^k)	ENCODE	Can finite-field-derived predicates induce Boolean functions with non-dominated algebraic or spectral property combinations under matched circuit cost?	VALIDATED
BL-13.4.1	BL-13	Tropical-semiring	PREDICATE	Can tropical path or threshold structure induce compact Boolean functions with distinctive symmetry or spectral fingerprints?	PROPOSED
BL-13.5.1	BL-13	Dynamical-system	PREDICATE	Can regime boundaries from controlled dynamics induce reusable Boolean construction families after exact discretization?	PROPOSED
BL-13.6.1	BL-13	Cross-domain	SYNTHESIZE	Do different X domains independently induce equivalent Boolean functions revealing a common construction principle?	PROPOSED
BL-13.7.1	BL-13	Vectorial-Boolean	SYNTHESIZE	Can hybrid systems induce F_2^n to F_2^m functions with new non-dominated differential spectral and implementation trade-offs after declared equivalence screening?	PROPOSED
BL-14.0.1	BL-14	Sparsity-system	VERIFY	Does the BL-14 harness reproduce dense random magnitude and declared structured sparsity baselines at exactly matched retained densities?	PROPOSED
BL-14.1.1	BL-14	Static-sparsity	MASK	Can an explicit Boolean equation produce a frozen sparse mask that preserves more task quality than density-matched random and magnitude baselines?	PROPOSED
BL-14.1.2	BL-14	Trained-linear	MASK	On the fixed eight-coefficient synthetic regression pilot how do SEARCH-selected frozen Boolean masks compare with matched magnitude activation-energy 2:4 and random controls on non-final VALIDATION?	IMPLEMENTED
BL-14.2.1	BL-14	Structured-sparsity	MASK	Can Boolean equations select blocks channels heads or other hardware-relevant groups with a better quality-resource trade-off than matched structured baselines?	PROPOSED
BL-14.2.2	BL-14	Structured-nonlinear-sparsity	MASK	Across twelve frozen synthetic trained-readout trials how do SEARCH-selected 4/8 Boolean unit masks compare with magnitude unit-level 2:4 activation-energy and fixed random controls on non-final VALIDATION?	IMPLEMENTED
BL-14.2.3	BL-14	Matched-topology-search	VERIFY	On the reused BL-14.2.2 development panel do Boolean and direct mask populations differ at equal unique-topology SEARCH scoring budgets across 2/8 4/8 and 6/8 retained units while identical populations preserve exact behaviour?	IMPLEMENTED
BL-14.3.1	BL-14	Dynamic-sparsity	MASK	Can an input-conditioned Boolean controller vary the active sparse structure cheaply enough that avoided work exceeds controller overhead while preserving the declared quality threshold?	PROPOSED
BL-14.4.1	BL-14	Relational-sparsity	SELECT	Can explicit Boolean relations identify functionally redundant groups better than independent per-group scores at the same retained density?	PROPOSED
BL-14.5.1	BL-14	Sparsity-rule-search	SYNTHESIZE	Can discrete search discover compact Boolean sparsity rules on a Pareto frontier of quality retained density rule complexity and measured resource cost?	PROPOSED
